moonScene_Eyetracking,
moonScene_Gaze,
moonScene_Voice,
moonScene_Gaze,
moonScene_PopUpWindow,
moonScene_Gesture,
moonScene_Eyetracking,
moonScene_Voice,
moonScene_Gesture,
moonScene_PopUpWindow,
moonScene_Gesture,
moonScene_Gaze,
moonScene_Voice,
moonScene_PopUpWindow,
moonScene_Eyetracking,
moonScene_Gaze,
moonScene_PopUpWindow,
moonScene_Voice,
moonScene_PopUpWindow,
moonScene_Gesture,
moonScene_Eyetracking,
moonScene_Gaze,
moonScene_Voice,
moonScene_PopUpWindow,
moonScene_Gaze,
moonScene_Voice,
moonScene_Eyetracking,
moonScene_Gesture,
moonScene_Eyetracking,
moonScene_Gesture,
moonScene_Gesture,
moonScene_Gaze,
moonScene_Eyetracking,
moonScene_Voice,
moonScene_PopUpWindow,
moonScene_Gesture,
moonScene_PopUpWindow,
moonScene_Voice,
moonScene_PopUpWindow,
moonScene_Eyetracking,
moonScene_Gaze,
moonScene_Voice,
moonScene_Gaze,
moonScene_Eyetracking,
moonScene_Gesture,
